half_page_number,text,predicted_label,science_prob,source_file,clean_text,llm_topic
563,"r
of Mr. Paine's productions in a cheap form:-
INTRODUCTION.
The North American Republic consists of twenty-four regularly
organized States, which with the exception of some mountain ridges
is wholly susceptible of cultivation. It contains upwards of two
millions of square miles, is therefore thirteen times as large as
France; twenty-three times as large as England, and would, were
it peopled as densely as those countries, contain four hundred
millions of people. It is watered on its eastern, western, and on
part of its southern sides by the ocean, and on part of its northern
irontier by immense lakes. It is intersected in all directions by
magnificent rivers, and has more facilities for water conveyance
than any other continental country, it abounds in mines and minerals,
and produces every thing necessary for the sustenance and enjoy-
ment of mankind.
The population of the United States has been several times
doubled, in periods of less than twenty-five years, it now contains
upwards of twelve millions of people, and bids fair at no very
distant period, to be more populous and powerful than any nation
ever was.
Such is the present state, such the present prospects of a nation
originally settled by men who either fled from religious intolerance
and persecution to seek peace in the wilderness, or men whose
notions of liberty were too high to permit them to endure the tyranny
they were subjected to at home; or of men who sought their for-
tunes as commercial speculators or cul",1,0.7294335961341858,guardian_v1_1831-1832_coo-31924002673196-1746738494.txt,r of mr paines productions in a cheap form introduction the north american republic consists of twentyfour regularly organized states which with the exception of some mountain ridges is wholly susceptible of cultivation it contains upwards of two millions of square miles is therefore thirteen times as large as france twentythree times as large as england and would were it peopled as densely as those countries contain four hundred millions of people it is watered on its eastern western and on part of its southern sides by the ocean and on part of its northern irontier by immense lakes it is intersected in all directions by magnificent rivers and has more facilities for water conveyance than any other continental country it abounds in mines and minerals and produces every thing necessary for the sustenance and enjoy ment of mankind the population of the united states has been several times doubled in periods of less than twentyfive years it now contains upwards of twelve millions of people and bids fair at no very distant period to be more populous and powerful than any nation ever was such is the present state such the present prospects of a nation originally settled by men who either fled from religious intolerance and persecution to seek peace in the wilderness or men whose notions of liberty were too high to permit them to endure the tyranny they were subjected to at home or of men who sought their for tunes as commercial speculators or cul,industry
1103,",
earth. They immediately concluded that the bed of the river had
given way, and that the water was descending into the colleries
beneath, and hastened to the nearest pit's mouth to give an alarm.
bastened to escape, which, providentially, they all effected, though
The mer below soon heard the mighty rushing of the waters, and
without a moment to spare, several of them being up to their necks
beneath, and the next day a tremendously large space broke down,
in water. The water continued to pour into the extensive cavities
into which the whole river descended, leaving its bed quite dry for
the space
viously been full six feet deep. On the flowing of the tide, the depth
of a mile on each side of the aperture, where it had pre-
of the water below the chasm increased to nine feet; the desolation
was awful! The water still rushed in a torrent into the earth;
sucked into the vortex; they had no sooner got out than the boat
three men in a boat had an almost miraculous escape from being
continued to pour down till the whole workings, which extended
was drawn down with fearful rapidity. The great body of water
many miles, were completely filled. A new scene of terror presented
through the surface of the earth in a thousand places, which, for an
itself; the imprisoned air, pressed by the weight of water, burst
Immense quantities of sand and water were thrown up and descended
extent of many acres, presented the appearance of a boiling cauldron.
like torrents of rain for many hours. By th",1,0.6651661992073059,guardian_v2_1833-1834_coo-31924065890414-1746738539.txt,earth they immediately concluded that the bed of the river had given way and that the water was descending into the colleries beneath and hastened to the nearest pits mouth to give an alarm bastened to escape which providentially they all effected though the mer below soon heard the mighty rushing of the waters and without a moment to spare several of them being up to their necks beneath and the next day a tremendously large space broke down in water the water continued to pour into the extensive cavities into which the whole river descended leaving its bed quite dry for the space viously been full six feet deep on the flowing of the tide the depth of a mile on each side of the aperture where it had pre of the water below the chasm increased to nine feet the desolation was awful the water still rushed in a torrent into the earth sucked into the vortex they had no sooner got out than the boat three men in a boat had an almost miraculous escape from being continued to pour down till the whole workings which extended was drawn down with fearful rapidity the great body of water many miles were completely filled a new scene of terror presented through the surface of the earth in a thousand places which for an itself the imprisoned air pressed by the weight of water burst immense quantities of sand and water were thrown up and descended extent of many acres presented the appearance of a boiling cauldron like torrents of rain for many hours by th,natural history
1195,"ficient apology for our silence respecting them. We shall
take precautions against the like result again. Our other Corres
pondents are under consideration.
·
ORIGINAL POETRY.
They that be slain with the sword are better than they that be
elain with hunger; for these pine away, stricken through for want of
the fruits of the field.-Lamentations, ch. iv. v. 9.
Ah! wherefore weep my mother land,
Since Pharbus smiles with kindly ray,
And summer strews with bounteous hand
The joyous earth with flow rets gay?
Some in pleasure's car at eve'a,
Thro' the park and o'er the lake,
By zephyr breath or œlus driven,
In satiate draughts of sorrow make.
Yet others gnaw the clankless chain
Of want, which binds a free-born race,
Who, fetter'd, moan to bite again
Those links Britannia's muse disgrace.
The sickle comes, and nature yields
Her harvest's fruits and vineyard's wine,
And till a sword each subject wields,
To servile death devoted pine.
Did Abas mock the Lord of Hosts
To monarch's sounding glory knell ;
The tombs give up our fatber's ghosts-
They echo, but how Pharoah fell,
Invoking vengeance from the skies:
The woe-struck spirits of the past
Call on the living to arise,
Or freedom dare, or thraldom blast.
Our orphan's curse, the bridal night
In wedless charm our virgins fall,
And nature mourns their passion's blight,
And spreads anoa cold beauty's pall.
The dolant songsters of the grove,
Thro' fields of air on music borne,
Reflective shone the fruits of love,
And twilight weds 'em 'nea",1,0.6274939179420471,guardian_v2_1833-1834_coo-31924065890414-1746738539.txt,ficient apology for our silence respecting them we shall take precautions against the like result again our other corres pondents are under consideration original poetry they that be slain with the sword are better than they that be elain with hunger for these pine away stricken through for want of the fruits of the fieldlamentations ch iv v 9 ah wherefore weep my mother land since pharbus smiles with kindly ray and summer strews with bounteous hand the joyous earth with flow rets gay some in pleasures car at evea thro the park and oer the lake by zephyr breath or lus driven in satiate draughts of sorrow make yet others gnaw the clankless chain of want which binds a freeborn race who fetterd moan to bite again those links britannias muse disgrace the sickle comes and nature yields her harvests fruits and vineyards wine and till a sword each subject wields to servile death devoted pine did abas mock the lord of hosts to monarchs sounding glory knell the tombs give up our fatbers ghosts they echo but how pharoah fell invoking vengeance from the skies the woestruck spirits of the past call on the living to arise or freedom dare or thraldom blast our orphans curse the bridal night in wedless charm our virgins fall and nature mourns their passions blight and spreads anoa cold beautys pall the dolant songsters of the grove thro fields of air on music borne reflective shone the fruits of love and twilight weds em nea,poetry
2221,"b-
tain that all important measure, Universal Suffrage—then, and not
till then, will they have any chance of obtaining any permanent good,
or standing in that rank of society which their merits so justly entitle
them to.
Hoping those few remarks find
may a place in
I remain, &c.
your valuable paper,
T. G. L.
FRAGMENT ON THE ORIGIN OF KINGS,
BY SIR WILLIAM JONES.
When Time was young,
And earth was clad in Nature's rudest garb,
Dark tangled forests, desarts vast and drear,
Wild heaths, and reedy lakes, and rushy fens;
When fresh and vigʼrous from the Eternal hand,
Man trod the rough domain; himself as rough,
The business of his life to propagate,
To draw nutrition, and to keep at bay
Instinct's ferocious swarms; then the wide world
Was but a huge estate, Heaven the prime Lord,
And all mankind his equal tegantry.
No power was known, have that which Nature owns-
Paternal sway-clad in the spoils of brutes,
And unrestrained as in the mountain's blast,
Dauntless and firm the sturdy savage roam'd,
His family a state-himself a chief.
Water, wild fruits, and animal repasts,
Compos'd his worldly good; with these in view,
On the rough margin of some stream or lake,
Begirt with matted brakes and forests tall,
Hle roar'd, with unskill'd hand, his wattled ebed.
Around him, nimble as the bounding roe,
His naked offspring play'd. Time brought desires,
And from desires which to repress was sin,
Full many a progeny room frolick'd round-
Affection filial, fondness for the seat
Of all their youth",1,0.990149736404419,guardian_v2_1833-1834_coo-31924065890414-1746738539.txt,b tain that all important measure universal suffragethen and not till then will they have any chance of obtaining any permanent good or standing in that rank of society which their merits so justly entitle them to hoping those few remarks find may a place in i remain c your valuable paper t g l fragment on the origin of kings by sir william jones when time was young and earth was clad in natures rudest garb dark tangled forests desarts vast and drear wild heaths and reedy lakes and rushy fens when fresh and vigrous from the eternal hand man trod the rough domain himself as rough the business of his life to propagate to draw nutrition and to keep at bay instincts ferocious swarms then the wide world was but a huge estate heaven the prime lord and all mankind his equal tegantry no power was known have that which nature owns paternal swayclad in the spoils of brutes and unrestrained as in the mountains blast dauntless and firm the sturdy savage roamd his family a statehimself a chief water wild fruits and animal repasts composd his worldly good with these in view on the rough margin of some stream or lake begirt with matted brakes and forests tall hle roard with unskilld hand his wattled ebed around him nimble as the bounding roe his naked offspring playd time brought desires and from desires which to repress was sin full many a progeny room frolickd round affection filial fondness for the seat of all their youth,natural history
1326,"ne by one diminished,
Population's kept in check. (a)
Pheasants; feather'd aristocracy!
Stately stalk in rainbow plumes;
Eclipsing partridge, brown democracy,
Ah! ye must feed the kitchen fumes,
Hares the juicy herbage cropping,
Trembling quick in every breath;
Running now, and now they're stopping-
All around is big with death.
Red slaughter's now without a muzzle,
And leaps from out each screening bush,
To 'scape which, is the poor game's puzzle,
And their sweet life's not worth a rush.
About the right to take this life;
That's question which admits dispute,
All who for argument are rife
May here discuss 'tween man and brute. (b)
But argumentative I'm not,
For ""
MIGHT IS RIGHT,"" 'tis shortly said;
The man has power, the game has not,
He points his gun and shoots it dead.
And argument availeth not,
And reason's wasted upon power;
To fear alone 'twill yield a jot,
Nor that until the eleventh hour,
But who are these in russet jackets,
Millers' hats, with fowling pieces,
Shot-belts, dogs, and powder-flaskets,
Buckskin leggings, and white breeches?
Squires, knights, and lords, these men are dubbed ;
Of orders, privileged beyond
Those of bare walls and empty cupboard,
To shoot the game and fish the pond,
Whence this proud privilege-its rise?
'Mongst men of the same common clay;.
From money sprung; it has its price,
Which price a poor man cannot pay.
Though pay he cannot, eat he can
If shoot he must not, poach he will-
With right to game as good as any man,
He's three months' swea",1,0.8937066197395325,guardian_v3_1834-1835_coo-31924065890422-1746738587.txt,ne by one diminished populations kept in check a pheasants featherd aristocracy stately stalk in rainbow plumes eclipsing partridge brown democracy ah ye must feed the kitchen fumes hares the juicy herbage cropping trembling quick in every breath running now and now theyre stopping all around is big with death red slaughters now without a muzzle and leaps from out each screening bush to scape which is the poor games puzzle and their sweet lifes not worth a rush about the right to take this life thats question which admits dispute all who for argument are rife may here discuss tween man and brute b but argumentative im not for might is right tis shortly said the man has power the game has not he points his gun and shoots it dead and argument availeth not and reasons wasted upon power to fear alone twill yield a jot nor that until the eleventh hour but who are these in russet jackets millers hats with fowling pieces shotbelts dogs and powderflaskets buckskin leggings and white breeches squires knights and lords these men are dubbed of orders privileged beyond those of bare walls and empty cupboard to shoot the game and fish the pond whence this proud privilegeits rise mongst men of the same common clay from money sprung it has its price which price a poor man cannot pay though pay he cannot eat he can if shoot he must not poach he will with right to game as good as any man hes three months swea,steam power
1402,"me the delight of childhood, the amusement of youth, and
the cordial of age.
IMPROVEMENT IN PADDLE-W¡IEELS.-A small model of a
new invention in this way has been sent to our office for inspec-
tion, accompanied by a letter from the inventor, pointing out
the differences between it and the common paddle-wheel, and
its superiority over them in various points; the most mate-
rial of which is, that the paddles in the machine turn upon two
pivots placed at the end, and work in holes at the sides or arms
of the wheel; and, from being thus fixed, the paddles would
all remain perpendicular when the wheel is at rest; these over-
balance from the pivot being downwards, if not prevented by
stop-pers. When in motion the paddle is kept firmly against
the pers until it passes the bottom or perpendicular line, when
the overbalance, which, from the pivot, is upwards, will gently
turn it over, and it will rise perpendicular, with its thin edge
out of the water, leaving the latter without any back wave or
swell: it is, therefore, formed on the principle of not lifting the
hack wave.
Two patents have lately been taken out for paddle-
wheels to prevent the sea-lift; and trials are about to be made
of them upon the largest scale; and this, certainly, is the only
true method of ascertaining their capabilities. The maker of
this machine signs himself James Carol, 38, Tufton-street, West-
minster, where he will show the machine each day from ten
until two o'clock.-Herald.
SPONTANEOUS IGNITION OF COA",1,0.7380390763282776,guardian_v3_1834-1835_coo-31924065890422-1746738587.txt,me the delight of childhood the amusement of youth and the cordial of age improvement in paddlewieelsa small model of a new invention in this way has been sent to our office for inspec tion accompanied by a letter from the inventor pointing out the differences between it and the common paddlewheel and its superiority over them in various points the most mate rial of which is that the paddles in the machine turn upon two pivots placed at the end and work in holes at the sides or arms of the wheel and from being thus fixed the paddles would all remain perpendicular when the wheel is at rest these over balance from the pivot being downwards if not prevented by stoppers when in motion the paddle is kept firmly against the pers until it passes the bottom or perpendicular line when the overbalance which from the pivot is upwards will gently turn it over and it will rise perpendicular with its thin edge out of the water leaving the latter without any back wave or swell it is therefore formed on the principle of not lifting the hack wave two patents have lately been taken out for paddle wheels to prevent the sealift and trials are about to be made of them upon the largest scale and this certainly is the only true method of ascertaining their capabilities the maker of this machine signs himself james carol 38 tuftonstreet west minster where he will show the machine each day from ten until two oclockherald spontaneous ignition of coa,steam power
1645,"een in the hospital about thirty
hours.
The examination of the case after death brought to view
several morbid appearances, chictly in the windpire and. the
stomach; but these bore no proportion to the violence of the
symptoms and the intensity of the patient's sufferings, and they
are regarded as throwing but little light upon the peculiar nature
of this extraordinary discase, which the lecturer thought must
still be considered as perfectly unknown, as the remedial
means hitherto adopted for its cure had been unsuccessful.
Dr. Golding drew some useful practical deductions from the
He stated that further observations were yet necessary
to elucidate the peculiar operations of the rabid virus in the
animal frame, and concluded with an anxious hope, in which
every friend of humanity must unite with him and with the
professors of the healing art, that medicine has yet in store some
remedy for this horrible disease.
case.
PERSIAN GEOGRAPHY.-The following curious extract has
beeu sent to us by a friend. It is translated from a Persian
work, intitled, ""Jâmaat-towârikh,"" or Universal History, by
Rashid-ad-din, who commenced it in the year of the Hirjah
714 (A.D. 1314.—“ Ireland (Irelanda) is an island in the midst
of the ocean. From the excellence of its soil, poisonous rep
tiles and rats are not produced upon it. The people are long-
lived, red-haired, tall, strong, and brave. There is a fountain
of water there, into which, if a piece of wood is thrown, in
the course of one week its",1,0.9943709969520568,guardian_v3_1834-1835_coo-31924065890422-1746738587.txt,een in the hospital about thirty hours the examination of the case after death brought to view several morbid appearances chictly in the windpire and the stomach but these bore no proportion to the violence of the symptoms and the intensity of the patients sufferings and they are regarded as throwing but little light upon the peculiar nature of this extraordinary discase which the lecturer thought must still be considered as perfectly unknown as the remedial means hitherto adopted for its cure had been unsuccessful dr golding drew some useful practical deductions from the he stated that further observations were yet necessary to elucidate the peculiar operations of the rabid virus in the animal frame and concluded with an anxious hope in which every friend of humanity must unite with him and with the professors of the healing art that medicine has yet in store some remedy for this horrible disease case persian geographythe following curious extract has beeu sent to us by a friend it is translated from a persian work intitled jmaattowrikh or universal history by rashidaddin who commenced it in the year of the hirjah 714 ad 1314 ireland irelanda is an island in the midst of the ocean from the excellence of its soil poisonous rep tiles and rats are not produced upon it the people are long lived redhaired tall strong and brave there is a fountain of water there into which if a piece of wood is thrown in the course of one week its,medicine
1646," surface becomes stone. The larger
island is called England (Ingleterra.) In it is a mountain
which has numerous mines of gold, silver, copper, lead, and
iron. Fruit trees are abundant. Among the wonders of that
land is a tree which produces birds. It is thus:-At the time
of blossom a sort of bag appears upon the tree; within this the
RUSSIA. The power of Russia extends itself over two
worlds; her progress is immense, and nothing seems able to
restrain it. While on the European side she has gained pos-
session of Poland, of Finland, of Tartary, of Bessarabia, and of
half Moldavia, on the Asiatic frontier her dominion is extended
to the Caspian Sea and the Caucasus, as far as the desert of
Kirgish. The Russian eagle hovers over the fertile plains of
Bulgaria, and beholds with pleasure the attractive soil of l'ersia
and the arid mountains of Armenia. There is nothing to dread
in the aggrandisement of Russia in Europe; the whole of the
western nations would rise en masse if she were to assume a
hostile attitude on the shores of the Baluc, of the Black Sea,
or on the banks of the Oder. The tottering empire of the
Turks would be protected by the Anglo-French alliance, which
Austria would join, although on this side the position of Silis-
tria would sufficiently protect Russia. In Asia, on the con-
trary, all the chances are in favour of Russia; perhaps even
while we write, her arms have penetrated to the south of the
Caucasus and Caspian Sea, and if this progress be not arrested
i",1,0.8959557414054871,guardian_v3_1834-1835_coo-31924065890422-1746738587.txt,surface becomes stone the larger island is called england ingleterra in it is a mountain which has numerous mines of gold silver copper lead and iron fruit trees are abundant among the wonders of that land is a tree which produces birds it is thusat the time of blossom a sort of bag appears upon the tree within this the russia the power of russia extends itself over two worlds her progress is immense and nothing seems able to restrain it while on the european side she has gained pos session of poland of finland of tartary of bessarabia and of half moldavia on the asiatic frontier her dominion is extended to the caspian sea and the caucasus as far as the desert of kirgish the russian eagle hovers over the fertile plains of bulgaria and beholds with pleasure the attractive soil of lersia and the arid mountains of armenia there is nothing to dread in the aggrandisement of russia in europe the whole of the western nations would rise en masse if she were to assume a hostile attitude on the shores of the baluc of the black sea or on the banks of the oder the tottering empire of the turks would be protected by the anglofrench alliance which austria would join although on this side the position of silis tria would sufficiently protect russia in asia on the con trary all the chances are in favour of russia perhaps even while we write her arms have penetrated to the south of the caucasus and caspian sea and if this progress be not arrested i,dominion
1722,"d may be verified by any one who will take the
trouble to repeat them :-The following, (says Dr. Prout) was
the method he employed for this purpose. In the first place,
everything that was soluble in water was removed by frequent
maceration and boiling; the wood was then reduced to a minute
state of division, that is to say, not merely into fine fibres, but
(Abridged from the Durlum Advertiser.)
actual powder; and after being repeatedly subjected to the heat
THE shaft at present sinking at Monk wearmouth Colliery, of an oven, was ground in the usual manner of corn. Wood
near Sunderland, has attained a considerable greater depth than thus prepared, according to the author, acquires the smell and
any mine in Great Britain (or, estimating its depth from the taste of corn-flour. To make wood-flour in perfection, accord-
level of the sea, than any mine in the world). Pearce's shaft ing to Professor Autenreith, the wood, after being thoroughly
at the Consolidated Mines in Cornwall was, till lately, the stripped of its bark, is to be sawed transversely into disks of
deepest in the island, being about 1470 feet in perpendicular about an inch in diameter. The saw-dust is to be preserved,
depth, of which 1150 feet are below the surface of the sea. The and the disks are to be beaten to fibres in a pounding-mill.
bottom of Woolf's shaft (also at the consolidated Mines) is 1230 The fibres and saw-dust, mixed together, are next to be deprived
feet below the sea; but its total depth is less",1,0.9816638231277466,guardian_v3_1834-1835_coo-31924065890422-1746738587.txt,d may be verified by any one who will take the trouble to repeat them the following says dr prout was the method he employed for this purpose in the first place everything that was soluble in water was removed by frequent maceration and boiling the wood was then reduced to a minute state of division that is to say not merely into fine fibres but abridged from the durlum advertiser actual powder and after being repeatedly subjected to the heat the shaft at present sinking at monk wearmouth colliery of an oven was ground in the usual manner of corn wood near sunderland has attained a considerable greater depth than thus prepared according to the author acquires the smell and any mine in great britain or estimating its depth from the taste of cornflour to make woodflour in perfection accord level of the sea than any mine in the world pearces shaft ing to professor autenreith the wood after being thoroughly at the consolidated mines in cornwall was till lately the stripped of its bark is to be sawed transversely into disks of deepest in the island being about 1470 feet in perpendicular about an inch in diameter the sawdust is to be preserved depth of which 1150 feet are below the surface of the sea the and the disks are to be beaten to fibres in a poundingmill bottom of woolfs shaft also at the consolidated mines is 1230 the fibres and sawdust mixed together are next to be deprived feet below the sea but its total depth is less,industry
1804,"nd RELIGIOUS DISCUSSIONS, open to
parties, on Mondays, at Eight o'Clock in the Evening.
Monday, the 22nd instaut-Is Protestantism or Catholicis
Favourable to Luberty.
Admission Twopence.
Just published, and may he had at the shore Rooms, A PARABLE
EXPLANATORY of the PRESENT CRISIS; price ld.
RESPECTABLE Young Wee Barded thirally, in the base
a Luty where there are no children, at 11s per Week; erpar
tially, equally moderate. A Young Woman, for the sake of society,
wanting a home, will be received on very low terins, where every
comfort will be stadied. Likewise a First Floor, of Three Room,
genteelly Furnished, for 9s. per Week, near Kennington Cross.
Address G Doris-street, near the Prince Regent.
R
Now so the press (aud will be ready for sale early in the new year),
Part First of a new System of Nature, estitled,
EVOLUTION OF PHILOSOPHY; forming a concise Ana
lysis and Synthesis of the Universe, by bringing forward
systematic propositions, with leading experiments and examples;
with brief reasonings and natural consequences or results; by which
it is intended to develope, with the greatest simplicity, and the
atmost philosophical confidence (as far as the nature of such subjects
will admit), the essential properties of matter, the origin of motion,
the atomic theory, the theory of the universe, the formation of the
solar system, the creation of the world, the origin of sp. cific ferme,
the primative generation of organized beings, the origin of sensibility,
of ideas, of int",1,0.9886065125465392,guardian_v3_1834-1835_coo-31924065890422-1746738587.txt,nd religious discussions open to parties on mondays at eight oclock in the evening monday the 22nd instautis protestantism or catholicis favourable to luberty admission twopence just published and may he had at the shore rooms a parable explanatory of the present crisis price ld respectable young wee barded thirally in the base a luty where there are no children at 11s per week erpar tially equally moderate a young woman for the sake of society wanting a home will be received on very low terins where every comfort will be stadied likewise a first floor of three room genteelly furnished for 9s per week near kennington cross address g dorisstreet near the prince regent r now so the press aud will be ready for sale early in the new year part first of a new system of nature estitled evolution of philosophy forming a concise ana lysis and synthesis of the universe by bringing forward systematic propositions with leading experiments and examples with brief reasonings and natural consequences or results by which it is intended to develope with the greatest simplicity and the atmost philosophical confidence as far as the nature of such subjects will admit the essential properties of matter the origin of motion the atomic theory the theory of the universe the formation of the solar system the creation of the world the origin of sp cific ferme the primative generation of organized beings the origin of sensibility of ideas of int,science
2033,"clipse -
-of total darkness
End of total darkness
Termination of eclipse -
Duration of total darkness
Duration of the eclipse
·
0 31 49 p. m.
1 58.54
2
0 43
3
20 19
1 19
EXTRAORDINARY SEA-FISH POND IN SCOTLAND.-At Port
Nes-ock, in Wigtonshire, a large salt-water pond has been
formed for cod. It is a basin of 30 feet in depth and 160 feet
in circumference, hewn out from the solid rock, and com-
municating with the sea by one of those fissures which are
common to bold and precipitous coasts. Attached to it is a neat
gothic cottage for the accommodation of the fishermen, and the
rock is surmounted all round by a substantial stone wall 300
feet in circumference. From the inner or hack door of the lodge
a winding stairway conducts to the usual halting-place-a large
flat stone, projecting into the water, and commanding a view of
every part of the aquatic prison. When the tide is out the stone
is left completely dry, and here a stranger perceives with sur-
prise a hundred mouths simultaneously opened to greet his
arrival. The moment the fisherman crosses his threshold the
pond is agitated by the action of some hundred fins, and other-
wise thrown into a state of anarchy and confusion. Darting
from this, that, and the other corner, the whole population move
as it were to a common centre, elerate their snouts, lash their
tails, and jostle one another with such violence that on a first
view they actually seem to be menacing an attack on the poor
fisherman in place of the creel-full of ",1,0.9698420763015748,guardian_v3_1834-1835_coo-31924065890422-1746738587.txt,clipse of total darkness end of total darkness termination of eclipse duration of total darkness duration of the eclipse 0 31 49 p m 1 5854 2 0 43 3 20 19 1 19 extraordinary seafish pond in scotlandat port nesock in wigtonshire a large saltwater pond has been formed for cod it is a basin of 30 feet in depth and 160 feet in circumference hewn out from the solid rock and com municating with the sea by one of those fissures which are common to bold and precipitous coasts attached to it is a neat gothic cottage for the accommodation of the fishermen and the rock is surmounted all round by a substantial stone wall 300 feet in circumference from the inner or hack door of the lodge a winding stairway conducts to the usual haltingplacea large flat stone projecting into the water and commanding a view of every part of the aquatic prison when the tide is out the stone is left completely dry and here a stranger perceives with sur prise a hundred mouths simultaneously opened to greet his arrival the moment the fisherman crosses his threshold the pond is agitated by the action of some hundred fins and other wise thrown into a state of anarchy and confusion darting from this that and the other corner the whole population move as it were to a common centre elerate their snouts lash their tails and jostle one another with such violence that on a first view they actually seem to be menacing an attack on the poor fisherman in place of the creelfull of,ecology
2034,"limpets he carries. Mr. Paine, in a letter to his friend Mr. J.J. Audubon, describ
Many of the fish are so tame that they will feed greedily from ing this phenomenon, says ""I consider myself well repaid by
the hand; while others again are so shy that the fisherman the observations I was enabled to make for all the trouble and
frequently discourses of their different tempers as a thing quite inconvenience attending my journey. The effect produced on
as palpable as the fins they move by. One gigantic cod, which all animals was very great, whilst the unearthly appearance it
answers to the name of ""Tom,"" is considered as the patriarch produced on surrounding objects can never be forgotten.""
of the pond, and forcibly arrests attention. This unfortunate During the darkness the buzzards and the poultry were seen
(who passed his youth in the open sea) was the first prisoner flying to their places of roosting, and the plants of the mimosa
in Port Nessock Pond; and within the last six months of his tribe closed their leaves. The only difference observable be-
sojourn he has gradually increased in bulk and weight. He
is now wholly blind, from age or disease, and has no chance in June, 1806, was, that, on this occasion, when the sun was
tween this eclipse and the total one which occurred at Boston
whatever in the general scramble. The fisherman,however,
concealed from sight, the moon appeared to be sur
completely
is kind to him, and it is affecting as well as curious to rounded by a beau",1,0.9909073114395142,guardian_v3_1834-1835_coo-31924065890422-1746738587.txt,limpets he carries mr paine in a letter to his friend mr jj audubon describ many of the fish are so tame that they will feed greedily from ing this phenomenon says i consider myself well repaid by the hand while others again are so shy that the fisherman the observations i was enabled to make for all the trouble and frequently discourses of their different tempers as a thing quite inconvenience attending my journey the effect produced on as palpable as the fins they move by one gigantic cod which all animals was very great whilst the unearthly appearance it answers to the name of tom is considered as the patriarch produced on surrounding objects can never be forgotten of the pond and forcibly arrests attention this unfortunate during the darkness the buzzards and the poultry were seen who passed his youth in the open sea was the first prisoner flying to their places of roosting and the plants of the mimosa in port nessock pond and within the last six months of his tribe closed their leaves the only difference observable be sojourn he has gradually increased in bulk and weight he is now wholly blind from age or disease and has no chance in june 1806 was that on this occasion when the sun was tween this eclipse and the total one which occurred at boston whatever in the general scramble the fishermanhowever concealed from sight the moon appeared to be sur completely is kind to him and it is affecting as well as curious to rounded by a beau,nature
2035,"tiful effulgence, which in 1806 was not per-
see the huge animal raise himself in the water, and then, rest-ceived. This halo could not, however, be discerned through a
ing his head on the that stone, allows itself to be gently patted darkened glass. The following stars and planets were visible :-
or stroked, gasping all the while to implore that food which he Aranus, Lyra, Atair, Antares, Venus, and Mercury. The
has no other means of chaining. Cod is the prevailing species thermometer fell six degrees during the time of the sun's ob-
in this pond; there are also haddocks, flounders, and various
scuration. No other total eclipse will occur in the United
other kinds.-Scotch Paper.
States during the present century.
very
·
2 48 30
.


## p. 416 (#424) ############################################

416
Just published, in One Vol., cloth boards,' price Two Shillings an
Sixpence, originally sold at Three Shillings,
POLITICAL TEXT BOOK; compiled from the best Autho
rities, by WILLIAM CARPENTER.
A
The object of this work is to furnish, in a compendious and popular
form, a summary of the first principles of buman society and Govern-
ment, as also of the most important political and civil institutions of
the British empire. It comprises, in fact, the outlines of political
science, arranged in a systematic forma, and derived from the highest
authorities. It is intended for the use of those persons whose time
for study is very limited, and whose pecuniary means will not permit
them to p",1,0.9918732047080994,guardian_v3_1834-1835_coo-31924065890422-1746738587.txt,tiful effulgence which in 1806 was not per see the huge animal raise himself in the water and then restceived this halo could not however be discerned through a ing his head on the that stone allows itself to be gently patted darkened glass the following stars and planets were visible or stroked gasping all the while to implore that food which he aranus lyra atair antares venus and mercury the has no other means of chaining cod is the prevailing species thermometer fell six degrees during the time of the suns ob in this pond there are also haddocks flounders and various scuration no other total eclipse will occur in the united other kindsscotch paper states during the present century very 2 48 30 p 416 424 416 just published in one vol cloth boards price two shillings an sixpence originally sold at three shillings political text book compiled from the best autho rities by william carpenter a the object of this work is to furnish in a compendious and popular form a summary of the first principles of buman society and govern ment as also of the most important political and civil institutions of the british empire it comprises in fact the outlines of political science arranged in a systematic forma and derived from the highest authorities it is intended for the use of those persons whose time for study is very limited and whose pecuniary means will not permit them to p,history
2185,"led in the
rigging of some, vessels in the river, where he was extricated
by the sailors. He immediately fainted, and surgical aid being
promptly obtained, he was found to be in a most deplorable
state. lis left leg was broken above the knee, and it was
apprehended the limb must be amputated. A chimney was
kuocked down in the course of the adventure. The fees
which the surgeons will obtain out of the disaster, is probably
about the first ""benefit to the cause of science"" that these
aerial adventurers have brought about.
The late changeable weather has been unusually fatal to
pe:sons of very advanced ages. In one week's obituary alone
we see recorded the deaths of five clergymen, whose united
ages amounted to 404 years.
LONGEVITY. On the 25th of December last, Dennis
M'Kinley, of Sheans, near Ballycastle, departed this life, aged
177 years. He never had a day's sickness-could read the
smallest print without spectacles-usually rose at three o'clock
in the morning, and went to bed with the family. He died on
the same day of the month, and the same month on which he
was born. He was temperate in living.-Cork Constitution.
EFITS OF PASTION.-A man living at Treport, near Dieppe,
though 71 years of age, retained all the irregularities of his youth,
and consequently was on bad terms with his wife. A few days
ago he, in a fit of rage, first killed her with his gun, and then
attempted to destroy himself in the same manner; but not suc-
creding, he set fire to his bed, where he was look",1,0.9921954870224,guardian_v3_1834-1835_coo-31924065890422-1746738587.txt,led in the rigging of some vessels in the river where he was extricated by the sailors he immediately fainted and surgical aid being promptly obtained he was found to be in a most deplorable state lis left leg was broken above the knee and it was apprehended the limb must be amputated a chimney was kuocked down in the course of the adventure the fees which the surgeons will obtain out of the disaster is probably about the first benefit to the cause of science that these aerial adventurers have brought about the late changeable weather has been unusually fatal to pesons of very advanced ages in one weeks obituary alone we see recorded the deaths of five clergymen whose united ages amounted to 404 years longevity on the 25th of december last dennis mkinley of sheans near ballycastle departed this life aged 177 years he never had a days sicknesscould read the smallest print without spectaclesusually rose at three oclock in the morning and went to bed with the family he died on the same day of the month and the same month on which he was born he was temperate in livingcork constitution efits of pastiona man living at treport near dieppe though 71 years of age retained all the irregularities of his youth and consequently was on bad terms with his wife a few days ago he in a fit of rage first killed her with his gun and then attempted to destroy himself in the same manner but not suc creding he set fire to his bed where he was look,natural history
2300,"or, in this declaration, you have made a blunder, for it is
a notorious fact, that the Morning Advertiser' repeatedly advo
cated the obnoxious Starvation Bill; and the Operatives must be
lost to all understanding ever to overlook such wanton conduct.
I am, with respect,
THOMAS BOND.


## p. 471 (#479) ############################################

471
REASON.
Reason, all bail! thou fairest boon of Heaven;
Thou sacred pledge to human nature given;
Prophetic star, that points a life to be ;
Existence in a desert, but for thee:
Science is thine-the vintage of the mind,
The light of life, that digniñes mankind ;
Science, the offspring of the soul's free scope.
Which lends to Truth the genuine fount of Hope.
Oh! may its rays dispel that chilling blast,
The powers of mind by ignorance o'ercast :
May thy true chart, thou guide to erring man,
Expand his soul the path of truth to scan;
Trace from its source the pure unsullied stream,
Free from the glimmerings of mysterious dreams;
Pellucid, pure, yea, as its source, divine,
Untinctured by the rancid ware of time;
Primeval streams upon its marble bel.
With no putrescence and contagion fed :
Bright and reflecting, tho' deep veiled its source,
Its current, Truth-Eternity its course.
Reason! 'tis thou uushrouds the mental skies,
And bids fair Freedom's sacred sun arise:
Without the light how listless would we be,
The mere brute grovelling in mortality!
When thou propels, 'tis Nature's mighty God,
Whose ray illumes and consecrates the road",1,0.9954476356506348,guardian_v3_1834-1835_coo-31924065890422-1746738587.txt,or in this declaration you have made a blunder for it is a notorious fact that the morning advertiser repeatedly advo cated the obnoxious starvation bill and the operatives must be lost to all understanding ever to overlook such wanton conduct i am with respect thomas bond p 471 479 471 reason reason all bail thou fairest boon of heaven thou sacred pledge to human nature given prophetic star that points a life to be existence in a desert but for thee science is thinethe vintage of the mind the light of life that dignies mankind science the offspring of the souls free scope which lends to truth the genuine fount of hope oh may its rays dispel that chilling blast the powers of mind by ignorance oercast may thy true chart thou guide to erring man expand his soul the path of truth to scan trace from its source the pure unsullied stream free from the glimmerings of mysterious dreams pellucid pure yea as its source divine untinctured by the rancid ware of time primeval streams upon its marble bel with no putrescence and contagion fed bright and reflecting tho deep veiled its source its current trutheternity its course reason tis thou uushrouds the mental skies and bids fair freedoms sacred sun arise without the light how listless would we be the mere brute grovelling in mortality when thou propels tis natures mighty god whose ray illumes and consecrates the road,science
2456,"ing-ring, nor the day of sickness, nor the funeral
day. What a struggle for a bare subsistence! And yet Mr.
Baring is reported to say, that this case ought not to be con-
sidered, and that there is no hope even for the amendment of
a worse case than this! Surely if it be so, Britain's death
knell will soon be heard,
article on boring for water. But the source of the principles
upon which the effect takes place are omitted. If it were true
that the effect is produced merely ""by perforating the earth
with a set of instruments called 'boring rods,' until a subter.
ranean body of water be reached whose sources are higher than
the spot where this operation takes place,"" and by ""the effort
which water makes to reach its own level, in this instance
causes it to ascend above the surface""-the same effect would
take place on sinking a well of larger dimensions on the same
But the fact of two of these Artesian wells, of three
spot.
inches diameter, the pipes of which were raised two feet abore
the level of our own garden, and which formed jets of about
five gallons per minute each, having existed within fifty feet of
the kitchen well and pump, proves that the effect of wate!
springing above the surface from Artesian wells, ought to have
been accounted for on other laws of nature of principles than
those alone mentioned by the writer in No. 193 of the Peny


## p. 503 (#511) ############################################

503
·་
ap
Magazine. An effect occurred upon our two abore named, NE",1,0.994994342327118,guardian_v3_1834-1835_coo-31924065890422-1746738587.txt,ingring nor the day of sickness nor the funeral day what a struggle for a bare subsistence and yet mr baring is reported to say that this case ought not to be con sidered and that there is no hope even for the amendment of a worse case than this surely if it be so britains death knell will soon be heard article on boring for water but the source of the principles upon which the effect takes place are omitted if it were true that the effect is produced merely by perforating the earth with a set of instruments called boring rods until a subter ranean body of water be reached whose sources are higher than the spot where this operation takes place and by the effort which water makes to reach its own level in this instance causes it to ascend above the surfacethe same effect would take place on sinking a well of larger dimensions on the same but the fact of two of these artesian wells of three spot inches diameter the pipes of which were raised two feet abore the level of our own garden and which formed jets of about five gallons per minute each having existed within fifty feet of the kitchen well and pump proves that the effect of wate springing above the surface from artesian wells ought to have been accounted for on other laws of nature of principles than those alone mentioned by the writer in no 193 of the peny p 503 511 503 ap magazine an effect occurred upon our two abore named ne,chemistry
2458,"
I offer the following experiments of these phenomena:-If you of ""Cecil Hyde.""-Sir Grenville Temple's travels, ""Excur-
insert perpendicularly in a basin of water a common lamp- sions in the Mediterranean,"" are now completed.-A new edi-
glass which is open at both euds, the water will be no higher tion of the popular novel of ""Anne Grey,"" edited by the
within the lamp-glass than in the basin, but on a level, the author of ""Granby,"" is in preparation. Also a new edition of
atmospheric pressure being equal. However, a different resul: Captain Marryat's ""Jacob Faithful.""-The first and second
will arise when you insert perpendicularly a piece of barometer volumes of the ""Rev. T. S. Grimshawe's Complete Editior of
tube, open at both ends, instead of the lamp-glass, the wa'c. Cowper"" are now ready, beautifully embellished by the Fin-
will rise higher within the narrow ralre of the tube than in the dens. They are printed uniformly with the works of Byron,
basin, the result of capillary attraction. I will not quarrel Crabbe, &c. The plates in these volumes are-a View of
with the invention of the term Artesian, for the long journey Berkhamstead, the birth-place of Cowper; the House in which
taken across the sea to Artois in search of a pretty French Cowper was born; Cowper's House at Weston; and a View
name; but they might with equal propriety be called Stafford- of Ulney, as seen from the spot described in his poems.-
shire springs or Yorkshire fountains, or perpetual springs, or Metr",1,0.9918782711029052,guardian_v3_1834-1835_coo-31924065890422-1746738587.txt,i offer the following experiments of these phenomenaif you of cecil hydesir grenville temples travels excur insert perpendicularly in a basin of water a common lamp sions in the mediterranean are now completeda new edi glass which is open at both euds the water will be no higher tion of the popular novel of anne grey edited by the within the lampglass than in the basin but on a level the author of granby is in preparation also a new edition of atmospheric pressure being equal however a different resul captain marryats jacob faithfulthe first and second will arise when you insert perpendicularly a piece of barometer volumes of the rev t s grimshawes complete editior of tube open at both ends instead of the lampglass the wac cowper are now ready beautifully embellished by the fin will rise higher within the narrow ralre of the tube than in the dens they are printed uniformly with the works of byron basin the result of capillary attraction i will not quarrel crabbe c the plates in these volumes area view of with the invention of the term artesian for the long journey berkhamstead the birthplace of cowper the house in which taken across the sea to artois in search of a pretty french cowper was born cowpers house at weston and a view name but they might with equal propriety be called stafford of ulney as seen from the spot described in his poems shire springs or yorkshire fountains or perpetual springs or metr,natural history
2539,"n so dreadful in the present in-
stance. He struggled long and strongly-lashing the sea with
his ponderous tail with amazing force; but at length the life-
blood had flown, and be gradually became exhausted, and soom
breathed his last. The whale measured about 80 feet from
both extremities.—Stirling Journal.
F


## p. 520 (#528) ############################################

520

THE CRIME OF POISONING.-The French chemists make
the following proposition, in order to render less frequent the
crime of poisoning, and to put on their guard those who may be
marked out as the victims of revenge, jealousy, or the like.
From 1824 to 1832 the number of individuals accused of
poisoning was 273, and it appeared that, in many instances the
intended victims had been saved by the bad taste communicated
to the food by the poisonous substance. It is, therefore, recom-
mended that it should be rendered compulsory to colour or
give a flavour of all poisonous substances which would not be
deteriorated by the admixture. For the latter purposes aloes
have been suggested, and of this many English as well as
French chemists have approved. It has also been recommended
to scent all poisons with the same odour-musk for instance.
NEW REMEDY AGAINST CANCER.-The Lancet has a notice
of a new remedy against cancer. It consists in the juice of a
tree which the Indians employ to envenom their arrows; and
it is also extensively employed by, the hordes which inhabit the
Barks of the Oronoko, as an anticarcinom",1,0.9880947470664978,guardian_v3_1834-1835_coo-31924065890422-1746738587.txt,n so dreadful in the present in stance he struggled long and stronglylashing the sea with his ponderous tail with amazing force but at length the life blood had flown and be gradually became exhausted and soom breathed his last the whale measured about 80 feet from both extremitiesstirling journal f p 520 528 520 the crime of poisoningthe french chemists make the following proposition in order to render less frequent the crime of poisoning and to put on their guard those who may be marked out as the victims of revenge jealousy or the like from 1824 to 1832 the number of individuals accused of poisoning was 273 and it appeared that in many instances the intended victims had been saved by the bad taste communicated to the food by the poisonous substance it is therefore recom mended that it should be rendered compulsory to colour or give a flavour of all poisonous substances which would not be deteriorated by the admixture for the latter purposes aloes have been suggested and of this many english as well as french chemists have approved it has also been recommended to scent all poisons with the same odourmusk for instance new remedy against cancerthe lancet has a notice of a new remedy against cancer it consists in the juice of a tree which the indians employ to envenom their arrows and it is also extensively employed by the hordes which inhabit the barks of the oronoko as an anticarcinom,chemistry
2582,"servations and reduce them, and, in committee
regulations, have passed the following resolution:-""On four
fixed days in each year, 21st of March, 21st of June, 21st of
September, and 21st of December (unless any of these days
should fall on Sunday, in which case, for the 21st, substitute
the 22nd), we undertake to make horary observations of the
barometer, thermoineter, wet and dry thermometer, clouds,
winds, meteors, &c. &c., at the commencement of each hour
(per clock) mean time at the place, for thirty-six hours, be-
ginning at six o'clock in the morning of the 21st, and ending
at six o'clock in the evening of the 22nd. Thus a complete
twenty-four hours is sure to be embraced in corresponding,
or at least, interpolable observations for all longitudes."" Sir
John Herschel has drawn up a brochure on this subject for
distribution; and thus, as he observes, ""if possible, to get
meteorologists in England and elsewhere, by land and by sea,
over the whole globe, to set apart these four days as great
meteorological festivals, when every man is to be at his post.""
WILLIAM WILLIAMS, Esq., M. P. for Coventry, will take the
Chair.
Doors opened at Seven o'clock. To commence at Eight o'clock
precisely.
Just published, only one penny, a new edition of
HE SPEECH OF ROBERT EMMET, Esq., as delivered at
the Sessions House, Dublin, before Lord Norbary, one of the
Chief Justices, on being found guilty of High Treason, as leader of
the Insurrection of 1803.
O breathe not bis name, let it sleep i",1,0.9772920608520508,guardian_v3_1834-1835_coo-31924065890422-1746738587.txt,servations and reduce them and in committee regulations have passed the following resolutionon four fixed days in each year 21st of march 21st of june 21st of september and 21st of december unless any of these days should fall on sunday in which case for the 21st substitute the 22nd we undertake to make horary observations of the barometer thermoineter wet and dry thermometer clouds winds meteors c c at the commencement of each hour per clock mean time at the place for thirtysix hours be ginning at six oclock in the morning of the 21st and ending at six oclock in the evening of the 22nd thus a complete twentyfour hours is sure to be embraced in corresponding or at least interpolable observations for all longitudes sir john herschel has drawn up a brochure on this subject for distribution and thus as he observes if possible to get meteorologists in england and elsewhere by land and by sea over the whole globe to set apart these four days as great meteorological festivals when every man is to be at his post william williams esq m p for coventry will take the chair doors opened at seven oclock to commence at eight oclock precisely just published only one penny a new edition of he speech of robert emmet esq as delivered at the sessions house dublin before lord norbary one of the chief justices on being found guilty of high treason as leader of the insurrection of 1803 o breathe not bis name let it sleep i,science
3085,"s. But they cannot cross the sea
without paying a sum for their passage money, which those
who desire from distress to emigiate, cannot, from that very
distress, provide for themselves. I would have the Govern
inent provide it for them on their application ; in the exercise
of that paternal duty of protection, aid, and maintenance,
which every Government owes tɔ its' anbjects. Is this an in-
sulting or a cruel proposition? Is it one which the labouring
classes should not ceuntenance with a view to their own in-
terest? Let me big those into whose innds this may fall to
look at the proposal with. ut prejudice. They cannot, then, I
think, fail to perecise that the opening of a free out'et for the
escape of our surplus labouri g‘population, must be of g.cal
value to the entire class, as well as a sou ce of tranquillity, se.
curity, wealth, and happiness,, to the community at large.
For yourself. Sir, I beg to remain,
Fortunately, your principle is just the very reverse of the
trite one, which is, that every means of economizing human
·labour, and facilitating production is a benefit and a blessing
to mankind. If any considerable evil acconi¡ anies the pro-
gress of improvement in the arts of production, it is owing to
a faulty distribution of the produce, through nuwise laws, or
a misdirection of industry. The latter is the case for wilich I
recommend Emigration, in other words, the diversion of some
of our productive powers to the cultivation of the rich sa-
vannahs of our colo",1,0.9791136384010316,guardian_v3_1834-1835_coo-31924065890422-1746738587.txt,s but they cannot cross the sea without paying a sum for their passage money which those who desire from distress to emigiate cannot from that very distress provide for themselves i would have the govern inent provide it for them on their application in the exercise of that paternal duty of protection aid and maintenance which every government owes t its anbjects is this an in sulting or a cruel proposition is it one which the labouring classes should not ceuntenance with a view to their own in terest let me big those into whose innds this may fall to look at the proposal with ut prejudice they cannot then i think fail to perecise that the opening of a free outet for the escape of our surplus labouri gpopulation must be of gcal value to the entire class as well as a sou ce of tranquillity se curity wealth and happiness to the community at large for yourself sir i beg to remain fortunately your principle is just the very reverse of the trite one which is that every means of economizing human labour and facilitating production is a benefit and a blessing to mankind if any considerable evil acconi anies the pro gress of improvement in the arts of production it is owing to a faulty distribution of the produce through nuwise laws or a misdirection of industry the latter is the case for wilich i recommend emigration in other words the diversion of some of our productive powers to the cultivation of the rich sa vannahs of our colo,steam power
3376,"address deprecate the cowardly concessions of the Ministers to
the Lords, and lament the composition of the present House
of Commons. I am, Fellow Countrymen,
Your most obedient servant,
A WATCHMAN.
London, Sept. 30, 1835.
MR. BERNARD AND MACHINERY.
To the Editor of the Poor Man's Guardian.
the labourer.
Taen we
T.
1
planet Venus. Three revolutions now pass unrecorded, when
it gain appears in 1230. The sole test of the identity of
those comets with that of Halley is the coincidence of the
times of their appearances. In this year the heat was intense,
with pestilence and great inundations on the Continent. In
England 20,000 persons died of famine, and in the spring
of the next year the Mediterranean was frozen over, and
goods were conveyed across in carts, &c. la 1305 it is
described as of a terrifying aspect; and when we find that
the plague was connected with it as a consequence, we may
conclude that the comet was seen by its historians through
the medium of the consequences which followed its advent:
At its departure the Baltic sea was frozen over for 14 weeks
between Denmark and Sweeden. In 1350 another visit on
record succeeded also by pestilence. We now arrive at a
1
SIR, -I am glad to find you are an advocate for free discus-period when observations were taken of sufficient accuracy to
sion; if that do not bring light out of darkness nothing will.
en ible subsequent investigators to determine the path of the
Mr. Bernard is alarmel at the cheapness of agricultural pro- c",1,0.9770193696022034,guardian_v3_1834-1835_coo-31924065890422-1746738587.txt,address deprecate the cowardly concessions of the ministers to the lords and lament the composition of the present house of commons i am fellow countrymen your most obedient servant a watchman london sept 30 1835 mr bernard and machinery to the editor of the poor mans guardian the labourer taen we t 1 planet venus three revolutions now pass unrecorded when it gain appears in 1230 the sole test of the identity of those comets with that of halley is the coincidence of the times of their appearances in this year the heat was intense with pestilence and great inundations on the continent in england 20000 persons died of famine and in the spring of the next year the mediterranean was frozen over and goods were conveyed across in carts c la 1305 it is described as of a terrifying aspect and when we find that the plague was connected with it as a consequence we may conclude that the comet was seen by its historians through the medium of the consequences which followed its advent at its departure the baltic sea was frozen over for 14 weeks between denmark and sweeden in 1350 another visit on record succeeded also by pestilence we now arrive at a 1 sir i am glad to find you are an advocate for free discusperiod when observations were taken of sufficient accuracy to sion if that do not bring light out of darkness nothing will en ible subsequent investigators to determine the path of the mr bernard is alarmel at the cheapness of agricultural pro c,famine
3489," sic. Really against an A'gerine concert I would almost
fifty perches in that impassable way. Not more than eight
yards in on the road-side stands a house, which is all closely
covered to the eaves, and about the house there cannot be less
thin thirty acres of good land entrely buried under it.
I was
informed by a person who had to leave his house when it
begin to run, that it was upwards of twenty feet deep for a
considerable way up. Through the middle of this cast up box
runs a large river of mud. I strove to get into it, but after
miking the attempt I had to give over. I found it would be
impossible, without endangering my life. We then went up
the Log about half a mile, which we found to be very dan-
gerous. It became quite soft, and in many places large gulfs
flowing with water intercepted our way, so that we were
alto other foiled in finding out the place where the cast out
bug came fro:n. We then went down to the spot where the
mud is falling into the Maine river. Ere it arrives here it has
found a complete channel for itself of about twelve fact wide.
The mud was running rapidly, and bringing down with it
Farge pieces of bog; indeed so large that they grounded in the
Maine river, although at the place the water is eight feet deep.
Blecks of fir, and large pieces of bog timber are also brought
dowa with it. Numbers of cels and black trout are caught m
the thin mudcre it reaches the Maine, which piainly shows the
eruption was occasioned by confined waters in the bowels ",1,0.9189876914024352,guardian_v3_1834-1835_coo-31924065890422-1746738587.txt,sic really against an agerine concert i would almost fifty perches in that impassable way not more than eight yards in on the roadside stands a house which is all closely covered to the eaves and about the house there cannot be less thin thirty acres of good land entrely buried under it i was informed by a person who had to leave his house when it begin to run that it was upwards of twenty feet deep for a considerable way up through the middle of this cast up box runs a large river of mud i strove to get into it but after miking the attempt i had to give over i found it would be impossible without endangering my life we then went up the log about half a mile which we found to be very dan gerous it became quite soft and in many places large gulfs flowing with water intercepted our way so that we were alto other foiled in finding out the place where the cast out bug came fron we then went down to the spot where the mud is falling into the maine river ere it arrives here it has found a complete channel for itself of about twelve fact wide the mud was running rapidly and bringing down with it farge pieces of bog indeed so large that they grounded in the maine river although at the place the water is eight feet deep blecks of fir and large pieces of bog timber are also brought dowa with it numbers of cels and black trout are caught m the thin mudcre it reaches the maine which piainly shows the eruption was occasioned by confined waters in the bowels,geology
3564,"e's course Legail,
What were life's g„ins ?
Is the true blood of man
Warm in thy veins ?
Freedom the stream must fat-
Efse if it ne'er had van,
Better, thou mask of man,
Fondler of chaius!
Is the proud summons vain?
Tool of the base!
Still wilt thou hug thy chain
Shameless of face?
Meanest of all the ingan,
Cling to thy felon-chain,
Sink to thy cell again—
Thou hast thy place!
MARCH OF MEDICAL REFORM AND A PILL FOR
THE DOCTORS.
The following are among certain resolutions passed by the
Scottish Association of Hygeists, at one of their late sittings.
Moved by Mr. Ewing, Glasgow, and seconded by Mr. Fer-
guson, Stirling-""11. That our convictions are complete as to
the truth of the doctrines that diseases of the solids originate
along with the fluids; hence it follows that purga'lon is the
only efficient means of curing disease in general, or, in other
weids, of purifying the fluids.""-Moved by Mr. Pearson, Dan-
fries, and seconded by Mr. Irvine, Kilburnie-III. ""That in our
mode of curing disease, we simply study to follow and obey
Nature, the most marked characteristic of the common system
being 'hat of opposing it; we ascertain the organic law of the
stemach, that it is adapted either in health or disease to receive
things only that are digestible; hence, in regard to medicine.
we are confined by the power of this law-infinitely higher than
any human one-to the exclusive use of purifying and purgative
vegetables, these alone being under the power of that law, from
the authority ",1,0.9933764338493348,guardian_v3_1834-1835_coo-31924065890422-1746738587.txt,es course legail what were lifes gins is the true blood of man warm in thy veins freedom the stream must fat efse if it neer had van better thou mask of man fondler of chaius is the proud summons vain tool of the base still wilt thou hug thy chain shameless of face meanest of all the ingan cling to thy felonchain sink to thy cell again thou hast thy place march of medical reform and a pill for the doctors the following are among certain resolutions passed by the scottish association of hygeists at one of their late sittings moved by mr ewing glasgow and seconded by mr fer guson stirling11 that our convictions are complete as to the truth of the doctrines that diseases of the solids originate along with the fluids hence it follows that purgalon is the only efficient means of curing disease in general or in other weids of purifying the fluidsmoved by mr pearson dan fries and seconded by mr irvine kilburnieiii that in our mode of curing disease we simply study to follow and obey nature the most marked characteristic of the common system being hat of opposing it we ascertain the organic law of the stemach that it is adapted either in health or disease to receive things only that are digestible hence in regard to medicine we are confined by the power of this lawinfinitely higher than any human oneto the exclusive use of purifying and purgative vegetables these alone being under the power of that law from the authority,medicine
3709," ont of an experiment made in one of them will best de-
will not drive the carriage; and he who cooks the dinner willer.be the effect:-"" Purporting to visit Grotius (saith Gas-
not wait at table; and so on of all other servants who are very das), Peireokins went to Scheveling that he might satisfy
independent wherever caste is touched. There are no Englishself of the carriage and swiftness of a coach a few years
servants; and no respectable person is ever scen walking in the fore invented, and made up with that artifice that with
streets. They either ride or are carried in palanquins. A large sails it would fly upon the shore as a ship upon the sea. He
pine apple may be purchased there for three-pei ce, although the had formerly heard that Count Maurice, a little after bis vic-
productions of nature have of course been unaltered by the ex.
tiaction of the Companys' monopoly. Calcutta itself has deeply Mendoza his prisoner, and that within two hours they
tory at Newport, had put himself thereunto, with Francis
felt and very visibly shews the effects of that extinction in much
less hospitality and in very considerably diminished grandeur.
It will never recover its former wealth and magnificence.
་
rived at Paten, distant from Scheveling 14 leagues, or 42
miles. He had, therefore, a mind to make the experiment
himself, and he would often tell us with what admiration he
was se zed when he was carried with a quick wind, and yet
perceived not the coach's motion.""
THE LEGAL ANFIPODE",1,0.5900159478187561,guardian_v3_1834-1835_coo-31924065890422-1746738587.txt,ont of an experiment made in one of them will best de will not drive the carriage and he who cooks the dinner willerbe the effect purporting to visit grotius saith gas not wait at table and so on of all other servants who are very das peireokins went to scheveling that he might satisfy independent wherever caste is touched there are no englishself of the carriage and swiftness of a coach a few years servants and no respectable person is ever scen walking in the fore invented and made up with that artifice that with streets they either ride or are carried in palanquins a large sails it would fly upon the shore as a ship upon the sea he pine apple may be purchased there for threepei ce although the had formerly heard that count maurice a little after bis vic productions of nature have of course been unaltered by the ex tiaction of the companys monopoly calcutta itself has deeply mendoza his prisoner and that within two hours they tory at newport had put himself thereunto with francis felt and very visibly shews the effects of that extinction in much less hospitality and in very considerably diminished grandeur it will never recover its former wealth and magnificence rived at paten distant from scheveling 14 leagues or 42 miles he had therefore a mind to make the experiment himself and he would often tell us with what admiration he was se zed when he was carried with a quick wind and yet perceived not the coachs motion the legal anfipode,transportation
3714,"red thousands of the most obstinate
cases of Cough and Asthma, when the afflicted person had not
been able to lie down in bed for years, and after every other
Medicine had been used in vain. One trial only is all that is
required to convince the most incredulous that all that is here
stated falls far short in fully describing its unparalleled excellence.
Mrs. Hardy, of Broadwall, Blackfriars-road, has been dread-
fully afflicted with Cough and Asthma for upwards of twenty
years, so much so, that she could not lie down in bed at all, or
get any relief from any other Medicines, of which she had tried
every sort, but on taking a few bottles of MALLETTS
.Com.
pound Balsam of the Herb Lungwort,"" was completely cured.
Sold by Mallett, Herbalist, Great Charlotte-street, Black-
friars-road; Wholesale and Retail, by Fletcher, Chemist, Lon-
don-road, Southwark; Barclay, Farringdon-street, London;
Brierly, Druggist, Ashton-under-Lyne, Lancashire; Retail, by
Thrussell, Harp-alley, Farringdon-street; Prout, Strand, near
Exchange; Lake, Herbalist, Church-lane, Whitechapel; Brock-
Temple-bar; Sanger, Oxford-street: Chandler, ditto; Royal
lehurst, Druggist, Hyde: Embleton, Druggist, Oldham: Fowler,
Bookseller, Leicester; Buckely, Druggist, Lees, near Oldbam;
Tinker, John-street, Huddersfield; Mann, Central Market,
Leeds; Yates, Coventry Wardle, Leek; where may be had
MALLEIT'S BRITISH HERB APERIENT PILLS (price
plaints, Costiveness, &c.
Is. 14d. each Box), a safe and certaiu remedy for Stoma",1,0.9495848417282104,guardian_v3_1834-1835_coo-31924065890422-1746738587.txt,red thousands of the most obstinate cases of cough and asthma when the afflicted person had not been able to lie down in bed for years and after every other medicine had been used in vain one trial only is all that is required to convince the most incredulous that all that is here stated falls far short in fully describing its unparalleled excellence mrs hardy of broadwall blackfriarsroad has been dread fully afflicted with cough and asthma for upwards of twenty years so much so that she could not lie down in bed at all or get any relief from any other medicines of which she had tried every sort but on taking a few bottles of malletts com pound balsam of the herb lungwort was completely cured sold by mallett herbalist great charlottestreet black friarsroad wholesale and retail by fletcher chemist lon donroad southwark barclay farringdonstreet london brierly druggist ashtonunderlyne lancashire retail by thrussell harpalley farringdonstreet prout strand near exchange lake herbalist churchlane whitechapel brock templebar sanger oxfordstreet chandler ditto royal lehurst druggist hyde embleton druggist oldham fowler bookseller leicester buckely druggist lees near oldbam tinker johnstreet huddersfield mann central market leeds yates coventry wardle leek where may be had malleits british herb aperient pills price plaints costiveness c is 14d each box a safe and certaiu remedy for stoma,medicine
3770,"erous route, from Lake Winnipeg
to York Factory made him tremble for the consequences; yet no
accident occur.ed beyond the occasional breaking of the boat.
Considering that the collection of specimens commenced after
the departure of Captain Back, and during the heavy duty imposed
upon him, his exertions in that way were very successful; for
being bound to take, at Fort Resoluti », rovision for himself and
crew, to last three months, he could only, as it breame consumed,
fied room for specimens of natural history. Yet he contrived to
cary to York Factory a boat-load of these valuables. Two live
marm is have been presented by him to the Zoological Gardens,
Regent's Park. The little travellers have, since March, passed
from the Clombia siver thr ugh the rock mountains by the Perce
River, Lakes Athabasca and Winnipeg, to Hudson's Bay, whence
they were emꞌarked for England. The number - f post-ges they
had to be carried over, and the constant care necessary for their
existence, made this by n› means a common und rtaking
-
•9
THE ROYAL G、 ORGE. – In a late notice of the success of
Mr. Deane the diver's attempts to raise a portion of the stores
contained in this vessel, it was stated that only two persons
were then living who were on board at the time she went
down, one of whom was the pure.ent Admiral Sir Philip Hen-
derson Durham; the name of the other survivor was not then-
tioned, but we presume it must have been. Mark Brown, whɔ
had for many years resided at Shottisham, in Nor",1,0.991414487361908,guardian_v3_1834-1835_coo-31924065890422-1746738587.txt,erous route from lake winnipeg to york factory made him tremble for the consequences yet no accident occured beyond the occasional breaking of the boat considering that the collection of specimens commenced after the departure of captain back and during the heavy duty imposed upon him his exertions in that way were very successful for being bound to take at fort resoluti rovision for himself and crew to last three months he could only as it breame consumed fied room for specimens of natural history yet he contrived to cary to york factory a boatload of these valuables two live marm is have been presented by him to the zoological gardens regents park the little travellers have since march passed from the clombia siver thr ugh the rock mountains by the perce river lakes athabasca and winnipeg to hudsons bay whence they were emarked for england the number f postges they had to be carried over and the constant care necessary for their existence made this by n means a common und rtaking 9 the royal g orge in a late notice of the success of mr deane the divers attempts to raise a portion of the stores contained in this vessel it was stated that only two persons were then living who were on board at the time she went down one of whom was the pureent admiral sir philip hen derson durham the name of the other survivor was not then tioned but we presume it must have been mark brown wh had for many years resided at shottisham in nor,natural history
3771,"folk, and
who was an armourer in the crew of the Royal George at the
time. He was an intelligent old man, aud give a verb vivi !
description of the awful scene. fle was on deck when she
began to fill, and climbed over the gunwale on to the side of
the vessel, and for a period of five minutes or more, while
she was filing with water, he witnessed, by looking through
the port-holes, the struggles and exertions made by the de-
voted crowds between derks to save themselves from their
impending fate. As soon as she had filled the vessel righted
and went down. Brown went down by the side of her, but
was immediately thrown up to the surface, as he supposed by
the air rushing out of the port-holes; he succeeded in catch-
"" Mr. Richard King, the surgeon, and naturalist, who accom-
ranied the expedition, did not arrive until the 27th of October.
He had been left by Captain Back at winter quarters in Marching at a floating hammock, and was afterwards picked up.
last, with the responsibility of conveying the heavy baggage of
the expedition to York Factory, Hudson's Bay.
""By the Transactions of the Geographical Society,' we learn
that in June, 1833, he commanded two heavily-laden boats, na
vigated by 16 men, from Norway-hou e to the eastern extremity
of the Great Slave Lake. The manner in which he acquitted
himself of this charge (for a portion of the cargo consisted of 60
bags of pemmican, a very peris cable article, upon the safe delivery
of which depended the success of the voyage, and",1,0.650233268737793,guardian_v3_1834-1835_coo-31924065890422-1746738587.txt,folk and who was an armourer in the crew of the royal george at the time he was an intelligent old man aud give a verb vivi description of the awful scene fle was on deck when she began to fill and climbed over the gunwale on to the side of the vessel and for a period of five minutes or more while she was filing with water he witnessed by looking through the portholes the struggles and exertions made by the de voted crowds between derks to save themselves from their impending fate as soon as she had filled the vessel righted and went down brown went down by the side of her but was immediately thrown up to the surface as he supposed by the air rushing out of the portholes he succeeded in catch mr richard king the surgeon and naturalist who accom ranied the expedition did not arrive until the 27th of october he had been left by captain back at winter quarters in marching at a floating hammock and was afterwards picked up last with the responsibility of conveying the heavy baggage of the expedition to york factory hudsons bay by the transactions of the geographical society we learn that in june 1833 he commanded two heavilyladen boats na vigated by 16 men from norwayhou e to the eastern extremity of the great slave lake the manner in which he acquitted himself of this charge for a portion of the cargo consisted of 60 bags of pemmican a very peris cable article upon the safe delivery of which depended the success of the voyage and,exploration
